keyword,popularity,competitiveness,apps,rank,categorie
kids games,65,78,"ABCmouse",16,education
kids youtube kids,64,51,"ABCmouse",24,education
toddler games for,60,67,"ABCmouse",21,education
games for kids,58,65,"ABCmouse",12,education
free games for kids,57,71,"ABCmouse",8,education
workout tracker,56,72,"Hevy+Strong+JEFIT",1,fitness
learning games for kids,55,48,"ABCmouse",11,education
75 hard,55,71,"JEFIT",71,fitness
workout planner,54,40,"Hevy+Strong+Caliber+JEFIT",4,fitness
the good and the beautiful homeschool,54,57,"KhanAcademyKids+ABCmouse",4,education
drawing games,54,71,"ABCmouse",26,education
games for toddlers 2 4 years old,53,52,"KhanAcademyKids",233,education
glp 1 tracker,53,67,"JEFIT",128,fitness
toddler games,53,76,"ABCmouse",32,education
multiplication games,52,75,"ProdigyMath",15,education
kids games for toddlers 3 5,51,45,"KhanAcademyKids+ABCmouse",16,education
toddler games for 3 year olds,51,51,"KhanAcademyKids",48,education
workout app,50,48,"JEFIT",21,fitness
at home,50,79,"KhanAcademyKids+KhanAcademy",103,education
work out,49,55,"Hevy+Strong+JEFIT",9,fitness
fish brain,49,70,"KhanAcademyKids",114,education
ai fitness,49,77,"JEFIT",54,fitness
anatomy and physiology,49,77,"KhanAcademy",10,education
lift off,49,78,"JEFIT",3,fitness
weight tracker,48,36,"JEFIT",149,fitness
weight loss,48,58,"JEFIT",221,fitness
gym workout,47,74,"Hevy+Strong",19,fitness
gym tracker,46,48,"Hevy+Strong+JEFIT",1,fitness
maths games,45,75,"ProdigyMath",4,education
apple watch,44,34,"JEFIT",143,fitness
my fitness,44,70,"JEFIT",29,fitness
fit pro,43,70,"JEFIT",74,fitness
games for boys,42,55,"ABCmouse",110,education
game for kids,42,57,"ABCmouse",41,education
fitness pal,42,71,"JEFIT",72,fitness
goals fitness,41,61,"JEFIT",67,fitness
military calisthenics,40,73,"JEFIT",108,fitness
course u,40,75,"KhanAcademy",25,education
games for 3 year olds,39,61,"KhanAcademyKids",19,education
drawing apps for kids,39,63,"ABCmouse",120,education
free workout,38,61,"Strong",186,fitness
kindergarten learning games,38,70,"ABCmouse",12,education
sat prep,38,74,"KhanAcademy",2,education
preschool games for,36,54,"ABCmouse",5,education
painting for kids,36,77,"ABCmouse",124,education
weight loss app,35,49,"JEFIT",211,fitness
work out routine,35,54,"Hevy+JEFIT",15,fitness
lauf app kostenlos,35,56,"JEFIT",74,fitness
kids learning games,35,67,"ABCmouse",7,education
drawing games for kids,35,78,"ABCmouse",62,education
free workout apps for women,34,56,"JEFIT",144,fitness
75 soft challenge,34,65,"JEFIT",124,fitness
rutinas de gym gratis,34,71,"Hevy",10,fitness
timer for workouts,34,74,"JEFIT",125,fitness
educational games for children age 4 6,33,35,"ABCmouse",3,education
act prep,33,78,"KhanAcademy",5,education
exercise tracker,32,59,"Hevy+Strong+JEFIT",3,fitness
glp1 tracker,32,67,"JEFIT",141,fitness
weight lifting workout planner,32,68,"Hevy+Strong+JEFIT",3,fitness
2 year old games for toddlers,32,78,"KhanAcademyKids",54,education
24 7 workout anytime,31,42,"Boostcamp",140,fitness
educational games for kids,31,48,"ABCmouse",9,education
algebra practice,31,60,"KhanAcademy",2,education
reading apps for kids for,31,62,"ABCmouse",31,education
progressive snapshot,31,67,"ProgressiveOverload",81,fitness
learning apps for kids,30,56,"SplashLearn+KhanAcademyKids+IXL+ABCmouse",1,education
toddler games for 4 year olds,30,78,"KhanAcademyKids+ABCmouse",8,education
