rank,app,ratings_count,rating
1,Trivia Crack: Brain Quiz GamesPlay live with friends now,875*,4.61
2,General Knowledge Trivia Quiz.GK questions and answers game,87*,4.55
3,Jeopardy! Trivia TV Game ShowAmerica's Favorite Quiz Show®,66*,4.33
4,Trivia Star: Trivia Games QuizFun Quiz Game Trivia Questions,474*,4.76
5,Trivia: Knowledge Trainer QuizThe quiz game for smart people,39*,4.40
6,Trivia Crack Retro Brain GamesDaily Fun Puzzle Games,105*,4.61
7,Trivia Questions and AnswersOriginal Trivia Questions,62*,4.82
8,Millionaire Quiz: Trivia GameAnswer Questions To Win Big,28*,3.30
9,SporcleTrivia Games and Puzzles,604.9,2
10,Logo Quiz 2026: Guess the logoTrivia Quiz Brain Test Puzzle,4704.9,2
