keyword,rank,app,developer,appstore_url
house design,1,House Designer: Fix & Flip,Sergey Kizima,https://apps.apple.com/us/app/id280838886979
house design,2,Home Planner AI: Room Design 3D,Room Planner Ltd,https://apps.apple.com/us/app/id125441761348
house design,3,Live Home 3D - House Design,Belight Software,https://apps.apple.com/us/app/id280949965530
house design,4,Design Home: House Makeover,Crowdstar LLC,https://apps.apple.com/us/app/id265036859144
house design,5,Home Design Makeover,Storm8 Studios,https://apps.apple.com/us/app/id280606547371
house design,6,House Design AI: Home Reveal,Henry Heisenberg Apps,https://apps.apple.com/us/app/id338629546819
house design,7,Redecor - Home Design Game,Reworks,https://apps.apple.com/us/app/id281047997776
house design,8,House Designer Simple & Powerful,Scott Meyers,https://apps.apple.com/us/app/id39805590411
house design,9,Decor Life - Home Design Game,SayGames LTD,https://apps.apple.com/us/app/id334828030942
house design,10,Home Design 3D: Draw & Plan,Home Design 3D Srl,https://apps.apple.com/us/app/id9304525
