keyword,rank,app,rating,ratings_count,category,updated,released
home workout,1,Home Workout - No Equipments,4.91,3.3K,Health & Fitness,a month ago,9 years ago
home workout,2,Workout for Women: Fit at Home,4.82,556*,Health & Fitness,17 days ago,8 years ago
home workout,3,Home Workout for Men AI Fitness,4.58,44*,Health & Fitness,3 months ago,9 years ago
home workout,4,Six Pack in 30 Days,4.80,354*,Health & Fitness,13 days ago,9 years ago
home workout,5,Workout for Women: Home & Gym,4.67,806*,Health & Fitness,9 days ago,12 years ago
home workout,6,Lose Weight for Men at Home,5.00,16*,Health & Fitness,a year ago,7 years ago
home workout,7,Home Workout - Fitness Planner,4.28,27*,Health & Fitness,13 days ago,8 years ago
home workout,8,30 Day Fitness at Home,4.93,95*,Health & Fitness,2 months ago,10 years ago
home workout,9,Nike Training Club,4.82,1K,Health & Fitness,3 months ago,18 years ago
home workout,10,Teen Workout & Meal Plan,4.63,14*,Health & Fitness,a year ago,7 years ago
home workout,11,Workout At Home: No Equipment,,,,Health & Fitness,20 days ago,5 years ago
home workout,12,Home workout app: No Equipment,,,,Health & Fitness,6 days ago,
