cluster,app,keyword,popularity,competitiveness,num_apps,rank,importance
religion-autre,HinduCalendar,calendar,72,77,249,217,7.09
religion-autre,HinduCalendar,costar,62,92,250,231,6.04
religion-autre,HinduCalendar,تقویم,52,46,249,243,5.03
religion-autre,HinduCalendar,apple calender app,35,72,210,182,3.55
religion-autre,HinduCalendar,kal,25,85,249,227,2.44
religion-autre,HinduCalendar,calander,24,73,249,234,2.33
religion-autre,HinduCalendar,kundali,20,89,249,123,2.18
religion-autre,HinduCalendar,lunar calendar,12,71,249,241,1.16
religion-autre,HinduCalendar,moon calendar,9,87,250,244,0.87
religion-autre,HinduCalendar,hindu calendar,9,71,249,1,9.00
religion-autre,HinduCalendar,calendar free,8,78,250,235,0.78
religion-autre,HinduCalendar,calendars,7,84,250,238,0.68
religion-autre,HinduCalendar,calendar app,6,57,249,242,0.58
religion-autre,HinduCalendar,calendario lunar,6,78,249,223,0.59
religion-autre,HinduCalendar,google calender,5,56,249,200,0.50
religion-autre,HinduCalendar,astrology app,5,91,250,179,0.51
religion-autre,HinduCalendar,astrosage,5,94,250,177,0.51
religion-autre,HinduCalendar,desi,5,97,241,164,0.52
religion-autre,HinduCalendar,jhandi munda,5,74,249,230,0.49
religion-autre,HinduCalendar,kundalini,5,85,250,240,0.48
religion-autre,HinduCalendar,pechanga casino,5,59,244,192,0.50
religion-autre,HinduCalendar,moon calendar app,5,64,250,248,0.48
religion-autre,HinduCalendar,हिंदी कैलेंडर,5,76,246,4,1.49
religion-autre,HinduCalendar,month,5,96,249,235,0.49
religion-autre,HinduCalendar,कुंडली,5,64,228,71,0.61
religion-autre,HinduCalendar,藏历,5,28,235,153,0.52
religion-autre,HinduCalendar,nithra calendar telugu,5,70,250,53,0.64
religion-autre,HinduCalendar,தினசரி காலண்டர்,5,53,248,235,0.49
religion-autre,HinduCalendar,to day,5,47,246,244,0.48
religion-autre,HinduCalendar,day of,5,75,249,246,0.48
religion-autre,HinduCalendar,chosen app,5,79,248,218,0.49
religion-autre,HinduCalendar,phase calendar,5,77,248,187,0.51
religion-autre,HinduCalendar,hindi calendar 2021,5,6,225,6,1.24
religion-autre,HinduCalendar,hindu marriage match,5,23,250,17,0.86
religion-autre,HinduCalendar,dur,5,91,240,217,0.49
religion-autre,HinduCalendar,horoscope april,5,53,249,194,0.50
religion-autre,HinduCalendar,Janampatri,5,50,237,77,0.60
religion-autre,HinduCalendar,पंचांग,5,44,236,12,0.96
religion-autre,HinduCalendar,panchang,5,82,250,3,1.74
religion-autre,HinduCalendar,hindi panchang,5,79,249,28,0.75
religion-autre,HinduCalendar,janm kundli,5,45,247,129,0.54
religion-autre,HinduCalendar,sanatan,5,70,247,199,0.50
religion-autre,HinduCalendar,sanatan hindu,5,62,249,56,0.64
religion-autre,HinduCalendar,sanatan panchanga,5,53,249,37,0.70
religion-autre,HinduCalendar,(calendar),5,56,249,217,0.49
religion-autre,HinduCalendar,feminine calendar,5,94,247,130,0.54
religion-autre,HinduCalendar,ημερομηνία,5,98,250,226,0.49
religion-autre,HinduCalendar,rashi bhavishya,5,64,248,197,0.50
religion-autre,HinduCalendar,moon calender,5,74,249,239,0.48
religion-autre,HinduCalendar,lundar calendar,5,62,246,135,0.54
religion-autre,HinduCalendar,hindi calendar 2023,5,59,247,19,0.83
religion-autre,HinduCalendar,calendar 2023-हिंदी,5,53,248,29,0.74
religion-autre,HinduCalendar,hindi calendar 2023 panchang,5,74,250,13,0.93
religion-autre,HinduCalendar,thakur prasad calendar 2023,5,90,249,156,0.52
religion-autre,HinduCalendar,best hindu 2023 calendar,5,69,250,1,5.00
religion-autre,HinduCalendar,united states calendar 2023,5,67,246,195,0.50
religion-autre,HinduCalendar,usa calendar 2023,5,70,249,215,0.49
religion-autre,HinduCalendar,calendar*,5,50,248,208,0.50
religion-autre,HinduCalendar,2023 ka calendar,5,53,249,84,0.59
religion-autre,HinduCalendar,vikram,5,68,246,176,0.51
religion-autre,HinduCalendar,samvat,5,62,248,2,2.29
religion-autre,HinduCalendar,colombia calendario 2023,5,74,249,170,0.51
religion-autre,HinduCalendar,colombia calendar,5,65,248,204,0.50
religion-autre,HinduCalendar,Sanatana Dharma,5,1,250,98,0.57
religion-autre,HinduCalendar,song calendar,5,74,250,156,0.52
religion-autre,HinduCalendar,Astrology Vedic,5,34,242,222,0.49
religion-autre,HinduCalendar,game calendar,5,64,249,238,0.48
religion-autre,HinduCalendar,calendar moon,5,59,247,242,0.48
religion-autre,HinduCalendar,calendar moon phases,5,78,248,244,0.48
religion-autre,HinduCalendar,lunar calendar - moon phase,5,60,249,207,0.50
religion-autre,HinduCalendar,曰历,5,57,249,229,0.49
religion-autre,HinduCalendar,kundli matching,5,73,250,229,0.49
religion-autre,HinduCalendar,janam kundli,5,28,248,139,0.53
religion-autre,HinduCalendar,Thakur prasad calendar 2025,5,23,243,179,0.51
religion-autre,HinduCalendar,offline calendar,5,,249,239,0.48
religion-autre,HinduCalendar,jhandi munda king,5,63,249,230,0.49
religion-autre,HinduCalendar,Jhandi mundi,5,56,249,229,0.49
religion-autre,HinduCalendar,astro dating,5,46,250,116,0.55
religion-autre,HinduCalendar,rashifal,5,73,250,98,0.57
religion-autre,HinduCalendar,calendar xiaomi,5,75,249,222,0.49
religion-autre,HinduCalendar,calendar year,5,56,248,241,0.48
religion-autre,HinduCalendar,birth chart reading app,5,,250,226,0.49
religion-autre,HinduCalendar,कैलेंडर,,59,249,237,
religion-autre,HinduCalendar,thakur prasad calendar,,,250,202,
religion-autre,HinduCalendar,ज्योतिष,,88,250,122,
religion-autre,HinduCalendar,एस्ट्रोसेज कुंडली,,26,231,8,
religion-autre,HinduCalendar,कुंडली मिलान,,33,236,21,
religion-autre,HinduCalendar,காலண்டர் தமிழ் காலண்டர்,,70,250,216,
religion-autre,HinduCalendar,पंचांग कैलेंडर,,51,248,15,
religion-autre,HinduCalendar,Prashana Chart,,57,242,75,
religion-autre,HinduCalendar,मायपंडितकुंडली ज्योतिष,,31,240,105,
religion-autre,HinduCalendar,बोधि- ज्योतिष,,34,244,207,
religion-autre,HinduCalendar,ज्योतिष पंचांग,,29,238,6,
religion-autre,HinduCalendar,पंचांग कुंडली,,31,240,10,
religion-autre,HinduCalendar,2022-हिंदी पंचांग,,33,243,4,
religion-autre,HinduCalendar,kundli palmistry,,57,232,90,
religion-autre,HinduCalendar,राशिफल कुंडली,,70,250,65,
religion-autre,HinduCalendar,एस्ट्रोसेज,,70,250,121,
religion-autre,HinduCalendar,कुंडली राशिफल,,70,250,59,
religion-autre,HinduCalendar,ज्योतिषी,,70,250,182,
religion-autre,HinduCalendar,वार्ता ज्योतिषी,,28,236,70,
religion-autre,HinduCalendar,हिंदी पंचांग,,57,249,8,
religion-autre,HinduCalendar,calendar 2022-हिंदी,,70,250,22,
religion-autre,HinduCalendar,धर्म कैलेंडर,,53,249,41,
religion-autre,HinduCalendar,कैलेंडर माहवारी,,86,248,243,
religion-autre,HinduCalendar,gujarat sanatan,,70,250,51,
religion-autre,HinduCalendar,2023 hindu calendar,,29,238,3,
religion-autre,HinduCalendar,hindi panjika,,51,248,11,
religion-autre,HinduCalendar,हिंदी कैलेंडर 2023,,69,250,6,
religion-autre,HinduCalendar,पंचांग 2023,,53,249,8,
religion-autre,HinduCalendar,chile festivals 2023,,34,242,173,
religion-autre,HinduCalendar,hindu Panchang calendar,,,231,1,
religion-autre,HinduCalendar,group calendae,,,249,158,
religion-autre,BuddhistMed,mandala,34,59,250,125,3.69
religion-autre,BuddhistMed,chanter,25,78,248,142,2.65
religion-autre,BuddhistMed,modern buddhism,8,,249,20,1.31
religion-autre,BuddhistMed,buddhism,6,86,250,34,0.86
religion-autre,BuddhistMed,vipassana,5,57,250,37,0.70
religion-autre,BuddhistMed,buddhist meditation,5,71,248,15,0.89
religion-autre,BuddhistMed,buddha quotes,5,52,243,114,0.55
religion-autre,BuddhistMed,chanting,5,57,249,131,0.54
religion-autre,BuddhistMed,buddhist quotes,5,,248,13,0.93
religion-autre,BuddhistMed,sutra,5,54,207,79,0.59
religion-autre,BuddhistMed,burdah,5,51,250,142,0.53
religion-autre,BuddhistMed,tibetan singing bowls,5,83,250,161,0.52
religion-autre,BuddhistMed,buddism,5,74,250,35,0.71
religion-autre,BuddhistMed,meditation chants,5,44,248,159,0.52
religion-autre,BuddhistMed,learn buddhism,5,49,249,127,0.54
religion-autre,BuddhistMed,Buddhist Practice,5,45,246,14,0.91
religion-autre,BuddhistMed,AI Buddha,5,55,249,249,0.48
religion-autre,BuddhistMed,learn buddha,5,21,249,195,0.50
religion-autre,BuddhistMed,buddha wisdom,5,50,249,89,0.58
religion-autre,BuddhistMed,chat buddha,5,22,241,228,0.49
religion-autre,BuddhistMed,meditatiton,5,88,248,148,0.53
religion-autre,BuddhistMed,buddhism meditation,5,75,238,2,2.29
religion-autre,BuddhistMed,bodhi,5,,206,40,0.69
religion-autre,BuddhistMed,madatation,5,86,248,113,0.55
religion-autre,BuddhistMed,maditation,5,86,248,202,0.50
religion-autre,BuddhistMed,buddist,5,40,250,27,0.76
religion-autre,BuddhistMed,budda,5,43,249,98,0.57
religion-autre,BuddhistMed,buddha & buddhism quotes 500!,5,40,245,14,0.91
religion-autre,BuddhistMed,buddharism,5,37,239,17,0.86
religion-autre,BuddhistMed,buddahism,5,74,249,36,0.70
religion-autre,BuddhistMed,buddhsim,5,72,250,43,0.68
religion-autre,BuddhistMed,buddhism wallpaper,5,29,245,5,1.34
religion-autre,BuddhistMed,lotus sutra,5,45,250,145,0.53
religion-autre,BuddhistMed,buddhism ai,5,40,244,12,0.96
religion-autre,BuddhistMed,buddha meditation,5,40,243,17,0.86
religion-autre,BuddhistMed,daily buddhism,5,40,249,39,0.69
religion-autre,BuddhistMed,buddha mindfulness meditation,5,40,244,235,0.49
religion-autre,BuddhistMed,mahayana,5,45,250,39,0.69
religion-autre,BuddhistMed,budism,5,74,250,79,0.59
religion-autre,BuddhistMed,buddha\,5,40,200,189,0.50
religion-autre,BuddhistMed,meditation chant,5,,207,70,0.61
religion-autre,BuddhistMed,buddhist ai,5,44,248,12,0.96
religion-autre,BuddhistMed,ai buddhist,5,40,247,8,1.10
religion-autre,BuddhistMed,ai buddhism,5,40,246,21,0.81
religion-autre,BuddhistMed,buddha chat,5,43,235,116,0.55
religion-autre,BuddhistMed,visual%20meditation,5,73,236,200,0.50
religion-autre,BuddhistMed,interbeing,5,,230,220,0.49
religion-autre,BuddhistMed,ai meditation script,5,,237,209,0.50
religion-autre,BuddhistMed,vihara,5,,247,177,0.51
religion-autre,BuddhistMed,budhism,5,,250,77,0.60
religion-autre,BuddhistMed,budhist,5,,250,74,0.60
religion-autre,BuddhistMed,daily buddha,5,,248,189,0.50
religion-autre,BuddhistMed,waking meditation wisdom,5,59,246,180,0.51
religion-autre,BuddhistMed,waking meditation wisdoms,5,,249,215,0.49
religion-autre,BuddhistMed,sutara: buddhist stories,5,,198,113,0.55
religion-autre,BuddhistMed,buddhist sleep stories,5,49,243,141,0.53
religion-autre,BuddhistMed,buddhist stories,5,55,250,153,0.52
religion-autre,BuddhistMed,buddhism for beginners,5,,241,12,0.96
religion-autre,BuddhistMed,buddhist vegetarian calendar,5,38,248,9,1.06
religion-autre,BuddhistMed,buddhist beginners,5,,248,5,1.34
religion-autre,BuddhistMed,meditation box,5,,249,191,0.50
religion-autre,BuddhistMed,buddhist app,5,,249,14,0.91
religion-autre,Kolel,talmud,24,53,180,72,2.90
religion-autre,Kolel,tanakh,19,73,188,183,1.93
religion-autre,Kolel,jewish dating,9,89,243,227,0.88
religion-autre,Kolel,torah,7,57,248,148,0.74
religion-autre,Kolel,jewish meditation,5,40,245,220,0.49
religion-autre,Kolel,siddur torah ohr  chabad,5,26,244,163,0.52
religion-autre,Kolel,datamosh videos,5,4,248,35,0.71
religion-autre,Kolel,Torah Learning,5,54,248,90,0.58
religion-autre,Kolel,daily torah,5,,201,89,0.58
religion-autre,Kolel,Judiasm,5,39,197,16,0.87
religion-autre,Kolel,rabbi,5,,184,110,0.56
religion-autre,Kolel,kizim,5,51,250,193,0.50
religion-autre,Kolel,تروايح,5,40,235,31,0.73
religion-autre,Kolel,shabbat times,5,51,195,116,0.55
religion-autre,Kolel,jewish chat,5,61,219,30,0.74
religion-autre,Kolel,recommend musiv,5,,236,92,0.58
religion-autre,Kolel,jewish datibg,5,,199,43,0.68
religion-autre,Kolel,ultimate zmanim,5,,179,106,0.56
religion-autre,Kolel,ask rabbi,5,,232,42,0.68
religion-autre,Kolel,mitzvah,5,,246,245,0.48
religion-autre,Kolel,kosherscan,5,,208,208,0.50
religion-autre,Kolel,jewish teachings,5,,212,138,0.53
religion-autre,Kolel,torah kids,5,,213,13,0.93
religion-autre,Kolel,jewish kids,5,,193,106,0.56
religion-autre,Kolel,canisaythis,5,,247,242,0.48
religion-autre,Kolel,jewmax,5,,226,76,0.60
religion-autre,Kolel,avukatim,5,77,250,14,0.91
religion-autre,Kolel,eat kosher,5,,201,168,0.51
religion-autre,Kolel,avner hadash,5,,250,216,0.49
religion-autre,Kolel,jsli,5,,234,133,0.54
religion-autre,Kolel,looksmax quotes,5,,250,245,0.48
religion-autre,Kolel,study judaism,,,199,51,
religion-autre,Kolel,kabbalah numerology,,,247,220,
religion-autre,Kolel,torah study,,,250,109,