keyword,popularity,competitiveness,verdict,source
home workout,48,68,PEPITE cross-niche fitness,Appfigures direct
yoga,50,67,PEPITE cross-niche bien-etre,Appfigures direct
habit tracker,58,79,PEPITE productivite,Appfigures direct
75 hard,55,61,PEPITE challenge fitness,Appfigures direct
75 hard challenge,44,52,PEPITE MAJEURE challenge,related 75 hard
balance,43,60,PEPITE meditation,related meditation
insight,48,77,MOYEN meditation,related meditation
snorelab,39,61,PEPITE sommeil/ronflement,related sleep tracker
tagebuch,43,45,PEPITE journal allemand,related journal
stoic,43,60,PEPITE journaling stoique,related journal
lose it,56,80,MOYEN weight loss,related weight loss
six pack abs in 30 days,5,50,FAIBLE demande fitness,related weight loss
weight loss,48,81,BOUCHE,Appfigures direct
meditation,53,95,BOUCHE,Appfigures direct
running,50,95,BOUCHE,Appfigures direct
sleep tracker,61,96,BOUCHE,Appfigures direct
journal,61,92,BOUCHE,Appfigures direct
fitness,64,96,BOUCHE,Appfigures direct
language learning,59,98,BOUCHE,Appfigures direct
learn english,44,97,BOUCHE,Appfigures direct
budget,56,95,BOUCHE,Appfigures direct
passport photo maker,43,56,PEPITE photo,related passport photo
parrot,52,78,PEPITE voice changer,related voice changer
house design,67,68,PEPITE MAJEURE design maison,related room planner
ai room design free,38,74,MOYEN design IA,related room planner
