cluster	keyword
ai-companion-chat	ai companion
ai-companion-chat	ai chat
ai-companion-chat	ai girlfriend
ai-companion-chat	ai boyfriend
ai-companion-chat	ai best friend
ai-companion-chat	companion ai
ai-companion-chat	chatbot
ai-companion-chat	ai friend
ai-companion-chat	virtual companion
ai-companion-chat	emotional support ai
home-interior-design	home design
home-interior-design	interior design
home-interior-design	room planner
home-interior-design	home design ai
home-interior-design	floor plan
home-interior-design	room design
home-interior-design	interior ai
home-interior-design	home decor
home-interior-design	room planner ai
home-interior-design	furniture arrangement
old-photo-restore	photo restore
old-photo-restore	restore old photos
old-photo-restore	photo repair
old-photo-restore	old photo restore
old-photo-restore	ai photo enhancer
old-photo-restore	photo colorizer
old-photo-restore	enhance photo
old-photo-restore	fix old photos
background-remover	background remover
background-remover	remove background
background-remover	photo background remover
background-remover	background eraser
background-remover	transparent background
background-remover	cut out photo
co-parenting	co parenting
co-parenting	coparenting
co-parenting	co parenting app
co-parenting	shared calendar
co-parenting	divorce app
co-parenting	custody
therapy-notes	therapy notes
therapy-notes	therapy journal
therapy-notes	mood journal
therapy-notes	mental health journal
therapy-notes	therapy app
therapy-notes	journal prompts
therapy-notes	emotional diary
therapy-notes	gratitude journal
hairstyle-editor	hairstyle
hairstyle-editor	hairstyle editor
hairstyle-editor	hairstyle app
hairstyle-editor	hair color
hairstyle-editor	hair style changer
hairstyle-editor	ai hairstyle
hairstyle-editor	virtual hairstyle
hairstyle-editor	haircut
baby-names	baby names
baby-names	baby name
baby-names	name finder
baby-names	baby name app
baby-names	unique baby names
baby-names	name meaning
air-quality-pollen	air quality
air-quality-pollen	air quality index
air-quality-pollen	pollen
air-quality-pollen	pollen count
air-quality-pollen	allergy
air-quality-pollen	uv index
air-quality-pollen	air pollution
air-quality-pollen	weather
voice-changer	voice changer
voice-changer	voice modulator
voice-changer	voice effects
voice-changer	voice filter
voice-changer	ai voice
voice-changer	sound changer
motion-active-games-kids	motion tracking games
motion-active-games-kids	active games for kids
motion-active-games-kids	body tracking
motion-active-games-kids	full body tracking
motion-active-games-kids	kids exercise
motion-active-games-kids	kids workout
motion-active-games-kids	dance games kids
motion-active-games-kids	move your body
motion-active-games-kids	motion games
kids-games-education	kids games
kids-games-education	kids learning
kids-games-education	educational games
kids-games-education	toddler games
kids-games-education	preschool
kids-games-education	abc kids
kids-games-education	math kids
kids-games-education	kids drawing
kids-games-education	coloring kids
kids-games-education	coding kidsgame-maker-nocode	game maker
game-maker-nocode	rpg maker
game-maker-nocode	game builder
game-maker-nocode	game engine
game-maker-nocode	visual novel
game-maker-nocode	game creator
game-maker-nocode	block coding
game-maker-nocode	game design
game-maker-nocode	pixel art
game-maker-nocode	indie game
